                  epoch,         train/box_loss,         train/cls_loss,         train/dfl_loss,   metrics/precision(B),      metrics/recall(B),       metrics/mAP50(B),    metrics/mAP50-95(B),           val/box_loss,           val/cls_loss,           val/dfl_loss,                 lr/pg0,                 lr/pg1,                 lr/pg2
                      1,                 1.1798,                 2.1057,                  1.305,                0.64111,                 0.5801,                0.56069,                0.30453,                 1.3818,                 1.6135,                 1.3685,             0.00040759,             0.00040759,             0.00040759
                      2,                 1.2614,                 1.7855,                  1.363,                0.56558,                0.56616,                0.56973,                 0.2726,                 1.4466,                 2.0299,                 1.5381,             0.00081297,             0.00081297,             0.00081297
                      3,                 1.3286,                 1.7925,                 1.3822,                0.64312,                0.54416,                0.56385,                0.29345,                 1.5751,                 1.6909,                 1.4671,              0.0012138,              0.0012138,              0.0012138
                      4,                  1.295,                 1.6815,                 1.3441,                0.68195,                0.55675,                0.61948,                0.34299,                 1.5467,                 1.6365,                 1.4623,              0.0016102,              0.0016102,              0.0016102
                      5,                 1.2783,                 1.6258,                 1.3402,                0.71668,                0.61941,                0.70385,                0.39869,                 1.3283,                 1.4297,                 1.3796,              0.0016302,              0.0016302,              0.0016302
                      6,                  1.185,                 1.5393,                 1.2912,                0.73768,                0.61413,                0.72459,                0.40774,                 1.3242,                 1.2695,                 1.3554,              0.0016302,              0.0016302,              0.0016302
                      7,                 1.1449,                  1.524,                 1.2618,                0.80071,                0.66269,                0.75861,                 0.4598,                 1.2685,                 1.2316,                 1.2876,              0.0016211,              0.0016211,              0.0016211
                      8,                 1.1562,                 1.4831,                 1.2653,                0.77792,                0.72423,                0.77941,                  0.461,                 1.2604,                 1.2502,                 1.3094,              0.0016119,              0.0016119,              0.0016119
                      9,                 1.1259,                 1.4261,                  1.263,                0.82724,                0.70482,                0.80296,                0.46963,                 1.2452,                 1.1387,                  1.252,              0.0016027,              0.0016027,              0.0016027
                     10,                 1.0826,                 1.4067,                 1.2272,                0.83285,                 0.7099,                0.81205,                 0.4966,                 1.1722,                 1.0787,                 1.2285,              0.0015935,              0.0015935,              0.0015935
                     11,                 1.0841,                 1.4119,                 1.2295,                 0.8021,                0.68815,                0.78719,                0.49837,                 1.1986,                 1.0858,                 1.2414,              0.0015843,              0.0015843,              0.0015843
                     12,                 1.0742,                 1.3882,                 1.2093,                0.80992,                0.77175,                0.81676,                0.52048,                 1.1816,                 1.0152,                  1.189,              0.0015751,              0.0015751,              0.0015751
                     13,                 1.0729,                 1.3046,                 1.2018,                0.82998,                0.77066,                0.81709,                0.52173,                 1.1566,                 1.0234,                 1.1726,              0.0015659,              0.0015659,              0.0015659
                     14,                 1.0497,                 1.2285,                 1.1972,                0.76224,                0.78147,                0.79925,                0.48685,                 1.1797,                0.99508,                 1.2329,              0.0015567,              0.0015567,              0.0015567
                     15,                 1.0079,                  1.205,                 1.1915,                0.79808,                0.76129,                 0.8365,                0.54036,                 1.1331,                0.92652,                  1.194,              0.0015476,              0.0015476,              0.0015476
                     16,                0.98798,                 1.2258,                 1.1566,                0.83936,                0.76827,                0.83795,                0.55186,                 1.1317,                0.92401,                 1.1982,              0.0015384,              0.0015384,              0.0015384
                     17,                 1.0012,                 1.1939,                 1.1711,                0.80423,                0.81968,                0.85501,                0.55894,                  1.133,                0.86299,                 1.1747,              0.0015292,              0.0015292,              0.0015292
                     18,                0.98471,                 1.1617,                 1.1656,                0.85721,                0.75985,                 0.8538,                0.54325,                 1.1151,                  0.862,                 1.1555,                0.00152,                0.00152,                0.00152
                     19,                 0.9444,                 1.1535,                 1.1384,                 0.8309,                0.79607,                0.84405,                0.56473,                 1.0861,                0.85721,                 1.1163,              0.0015108,              0.0015108,              0.0015108
                     20,                0.92756,                  1.095,                 1.1337,                0.85116,                0.81202,                0.86406,                0.54754,                  1.099,                0.83868,                 1.1479,              0.0015016,              0.0015016,              0.0015016
                     21,                0.94929,                 1.1612,                 1.1336,                0.84011,                0.80584,                0.86739,                0.57552,                 1.0917,                0.84073,                 1.1586,              0.0014924,              0.0014924,              0.0014924
                     22,                0.93431,                 1.0939,                 1.1344,                0.85675,                0.82452,                0.87397,                0.54742,                  1.093,                0.83344,                 1.1664,              0.0014832,              0.0014832,              0.0014832
                     23,                0.92086,                 1.0687,                 1.1293,                0.85614,                0.84502,                0.87892,                0.58549,                 1.0862,                0.76777,                 1.1535,              0.0014741,              0.0014741,              0.0014741
                     24,                0.92251,                 1.0897,                 1.1237,                0.86291,                0.83034,                0.89053,                0.59223,                 1.0437,                0.76157,                 1.1259,              0.0014649,              0.0014649,              0.0014649
                     25,                0.92153,                 1.0387,                 1.1183,                0.88412,                0.80376,                0.89563,                0.58726,                 1.0941,                0.76861,                 1.1392,              0.0014557,              0.0014557,              0.0014557
                     26,                0.91443,                 1.0211,                 1.1218,                 0.8813,                0.84179,                0.89781,                0.59912,                 1.0676,                0.74489,                 1.1549,              0.0014465,              0.0014465,              0.0014465
                     27,                0.89674,                0.97983,                 1.1024,                0.85354,                0.82011,                0.88276,                0.60264,                 1.0564,                0.79351,                 1.1283,              0.0014373,              0.0014373,              0.0014373
                     28,                0.91265,                 1.0451,                 1.1145,                0.88512,                0.82931,                0.87452,                0.59061,                 1.0693,                0.77739,                 1.1263,              0.0014281,              0.0014281,              0.0014281
                     29,                0.88276,                 1.0141,                 1.1058,                0.85117,                0.80587,                0.85556,                0.58736,                 1.0503,                0.83245,                 1.1103,              0.0014189,              0.0014189,              0.0014189
                     30,                0.89106,                0.94526,                 1.1113,                0.87668,                0.83389,                0.88696,                0.60005,                 1.0484,                0.75778,                 1.1372,              0.0014097,              0.0014097,              0.0014097
                     31,                0.88358,                 1.0086,                 1.0907,                0.84272,                0.84026,                0.90182,                0.60875,                 1.0397,                0.73243,                 1.1202,              0.0014005,              0.0014005,              0.0014005
                     32,                  0.883,                0.96637,                 1.0992,                0.87722,                0.84243,                0.90225,                0.61342,                 1.0411,                0.72031,                 1.1153,              0.0013914,              0.0013914,              0.0013914
                     33,                0.84064,                0.95537,                 1.0798,                0.84118,                0.81284,                 0.8642,                 0.6067,                 1.0242,                0.76153,                 1.1012,              0.0013822,              0.0013822,              0.0013822
                     34,                0.87753,                0.99113,                 1.1042,                0.88556,                0.83435,                0.88949,                0.62188,                 1.0266,                 0.7277,                 1.1137,               0.001373,               0.001373,               0.001373
                     35,                0.86161,                0.92983,                   1.09,                0.88173,                0.82223,                0.88199,                0.58511,                  1.051,                0.72202,                 1.1193,              0.0013638,              0.0013638,              0.0013638
                     36,                0.86939,                0.93668,                 1.0853,                0.89423,                 0.8239,                 0.8882,                0.59338,                 1.0713,                0.72892,                 1.1284,              0.0013546,              0.0013546,              0.0013546
                     37,                0.86279,                0.95954,                 1.1001,                0.90346,                0.82768,                0.88827,                0.60393,                  1.044,                0.71558,                 1.1477,              0.0013454,              0.0013454,              0.0013454
                     38,                0.84821,                0.95143,                  1.084,                0.86631,                0.83418,                0.89377,                0.61687,                 1.0278,                 0.7214,                 1.1018,              0.0013362,              0.0013362,              0.0013362
                     39,                0.82399,                0.90116,                 1.0762,                0.88287,                0.84073,                 0.8947,                0.60737,                 1.0455,                0.71831,                 1.1266,               0.001327,               0.001327,               0.001327
                     40,                0.82588,                0.89808,                 1.0614,                0.87459,                0.85727,                0.90207,                0.61279,                 1.0316,                0.69669,                 1.1113,              0.0013179,              0.0013179,              0.0013179
                     41,                 0.8417,                0.92728,                 1.0723,                0.92282,                0.84739,                0.91657,                0.59744,                  1.047,                0.69078,                 1.1268,              0.0013087,              0.0013087,              0.0013087
                     42,                0.82946,                  0.936,                 1.0749,                0.89848,                0.82797,                0.89715,                 0.6179,                   1.03,                0.71791,                 1.1188,              0.0012995,              0.0012995,              0.0012995
                     43,                0.82552,                0.94224,                 1.0708,                0.89352,                0.83895,                0.90675,                0.60147,                  1.008,                0.70342,                 1.1036,              0.0012903,              0.0012903,              0.0012903
                     44,                 0.8359,                0.89293,                  1.072,                0.87825,                0.81628,                0.89753,                0.61439,                 1.0285,                0.72507,                 1.1221,              0.0012811,              0.0012811,              0.0012811
                     45,                0.80568,                0.87821,                 1.0528,                0.84265,                0.84459,                 0.9018,                0.62064,                 1.0196,                0.70316,                 1.0873,              0.0012719,              0.0012719,              0.0012719
                     46,                0.82602,                0.89537,                 1.0507,                0.89099,                0.83676,                0.90121,                0.62456,                 1.0109,                0.70884,                 1.1014,              0.0012627,              0.0012627,              0.0012627
                     47,                0.79841,                0.84547,                 1.0511,                0.92517,                0.85118,                0.91062,                0.61139,                 1.0035,                0.67329,                 1.0909,              0.0012535,              0.0012535,              0.0012535
                     48,                0.81788,                0.89255,                 1.0568,                0.90661,                0.81419,                0.90578,                0.64096,                0.99772,                0.69056,                 1.0841,              0.0012444,              0.0012444,              0.0012444
                     49,                 0.7978,                0.85306,                 1.0456,                0.89218,                0.85396,                0.91219,                0.62002,                 1.0105,                0.66228,                 1.1008,              0.0012352,              0.0012352,              0.0012352
                     50,                 0.7935,                0.82931,                 1.0343,                0.89524,                0.86077,                 0.9095,                0.63938,                0.98185,                0.65275,                 1.0762,               0.001226,               0.001226,               0.001226
                     51,                0.79292,                0.84511,                 1.0326,                 0.9122,                0.86242,                  0.916,                0.63182,                 1.0043,                0.66198,                 1.0997,              0.0012168,              0.0012168,              0.0012168
                     52,                 0.7853,                0.81996,                  1.033,                0.89639,                0.86079,                0.91754,                0.64504,                0.98469,                0.66445,                 1.0727,              0.0012076,              0.0012076,              0.0012076
                     53,                0.76187,                0.85235,                  1.014,                0.92215,                0.84643,                0.91822,                 0.6449,                0.97984,                0.63634,                 1.0801,              0.0011984,              0.0011984,              0.0011984
                     54,                0.78045,                0.83449,                 1.0385,                0.90969,                0.83397,                0.90781,                0.64621,                 1.0024,                0.65193,                 1.0913,              0.0011892,              0.0011892,              0.0011892
                     55,                 0.7792,                0.84494,                 1.0505,                0.88948,                0.85811,                0.90779,                0.62794,                 1.0052,                0.66877,                 1.0964,                0.00118,                0.00118,                0.00118
                     56,                0.75755,                0.80395,                 1.0317,                0.91504,                0.85575,                0.91887,                0.64279,                0.97851,                0.63084,                 1.0792,              0.0011708,              0.0011708,              0.0011708
                     57,                0.74423,                0.76531,                 1.0109,                0.85326,                0.83492,                0.89562,                0.63784,                0.98172,                0.70423,                 1.0921,              0.0011617,              0.0011617,              0.0011617
                     58,                0.75563,                0.80694,                 1.0321,                0.90753,                0.86548,                0.91792,                0.64013,                 1.0001,                0.64958,                 1.1015,              0.0011525,              0.0011525,              0.0011525
                     59,                0.77852,                0.81432,                 1.0319,                 0.9033,                0.85366,                0.91323,                0.63338,                 1.0031,                0.64716,                 1.1032,              0.0011433,              0.0011433,              0.0011433
                     60,                0.76746,                0.81039,                  1.032,                0.91461,                0.86165,                 0.9173,                0.61369,                0.99168,                0.62835,                 1.0963,              0.0011341,              0.0011341,              0.0011341
                     61,                0.75862,                0.76248,                 1.0185,                0.93149,                0.85314,                0.92714,                0.63771,                0.97582,                0.61606,                 1.0797,              0.0011249,              0.0011249,              0.0011249
                     62,                 0.7603,                0.78185,                 1.0255,                 0.9091,                0.87052,                0.91856,                0.64108,                0.96652,                0.62957,                 1.0762,              0.0011157,              0.0011157,              0.0011157
                     63,                0.76963,                0.77092,                 1.0151,                0.91889,                0.86305,                0.91952,                0.63404,                 1.0104,                0.62696,                 1.1023,              0.0011065,              0.0011065,              0.0011065
                     64,                0.74576,                0.76572,                 1.0152,                0.91393,                0.87638,                 0.9208,                0.63608,                0.98529,                0.60947,                 1.0964,              0.0010973,              0.0010973,              0.0010973
                     65,                0.75686,                0.77082,                 1.0172,                0.91244,                0.83757,                0.91515,                0.64418,                0.99193,                0.64501,                 1.0954,              0.0010882,              0.0010882,              0.0010882
                     66,                0.73039,                0.72435,                 1.0012,                0.92193,                0.86288,                0.92061,                0.64337,                0.98106,                0.60303,                  1.099,               0.001079,               0.001079,               0.001079
                     67,                 0.7433,                0.75141,                 1.0262,                0.91906,                0.84349,                0.91497,                 0.6418,                0.98877,                0.62368,                 1.0972,              0.0010698,              0.0010698,              0.0010698
                     68,                0.72241,                 0.7427,                 1.0186,                0.90135,                0.85701,                0.91621,                0.63924,                0.96437,                 0.6504,                 1.0861,              0.0010606,              0.0010606,              0.0010606
                     69,                0.72037,                0.73008,                 1.0074,                0.91243,                0.86806,                0.92084,                0.62276,                0.98167,                0.60385,                 1.0839,              0.0010514,              0.0010514,              0.0010514
                     70,                0.72906,                0.74885,                 1.0019,                0.90226,                0.86071,                0.92705,                0.65567,                0.96561,                0.60229,                   1.08,              0.0010422,              0.0010422,              0.0010422
                     71,                0.70589,                0.74403,                 1.0039,                0.91345,                0.87408,                0.92718,                0.62789,                0.97212,                0.60915,                 1.0872,               0.001033,               0.001033,               0.001033
                     72,                0.70112,                0.69814,                0.99014,                0.92213,                0.86287,                0.92605,                0.63394,                0.97093,                 0.5951,                 1.1003,              0.0010238,              0.0010238,              0.0010238
                     73,                0.72043,                0.73411,                 1.0063,                0.90593,                0.88188,                0.92803,                0.64347,                0.98038,                0.59499,                 1.0818,              0.0010146,              0.0010146,              0.0010146
                     74,                   0.72,                0.73113,                 1.0017,                0.92743,                 0.8584,                  0.925,                0.63682,                0.97441,                0.59274,                 1.0905,              0.0010055,              0.0010055,              0.0010055
                     75,                0.73616,                0.72273,                 1.0192,                 0.9133,                0.87127,                0.91407,                 0.6311,                0.99057,                0.63334,                 1.0982,             0.00099627,             0.00099627,             0.00099627
                     76,                0.71994,                0.73468,                 1.0104,                0.90933,                0.84634,                0.91871,                0.63873,                0.96764,                0.63937,                 1.0796,             0.00098708,             0.00098708,             0.00098708
                     77,                0.73301,                 0.7316,                  1.005,                0.91514,                0.85706,                0.92248,                0.65743,                 0.9753,                0.61704,                 1.0694,              0.0009779,              0.0009779,              0.0009779
                     78,                0.70834,                0.71896,                0.99989,                0.92041,                0.86214,                0.92863,                0.62634,                0.98881,                0.61802,                 1.0886,             0.00096871,             0.00096871,             0.00096871
                     79,                0.73393,                0.71107,                0.99709,                0.92236,                0.86786,                0.92631,                0.64962,                0.96189,                0.58283,                 1.0699,             0.00095952,             0.00095952,             0.00095952
                     80,                0.74075,                0.69862,                  1.004,                0.91445,                0.86323,                0.92059,                0.64002,                0.96875,                0.59817,                 1.0806,             0.00095033,             0.00095033,             0.00095033
                     81,                0.70338,                0.67574,                0.98115,                0.91078,                0.86235,                0.92903,                0.64078,                0.94982,                0.58577,                  1.067,             0.00094114,             0.00094114,             0.00094114
                     82,                 0.6938,                0.70452,                0.98801,                0.91883,                0.85873,                0.92963,                0.64817,                0.96183,                 0.5851,                 1.0758,             0.00093196,             0.00093196,             0.00093196
                     83,                0.69234,                0.69249,                0.98329,                0.94115,                0.86598,                0.93198,                0.65991,                0.95707,                0.58151,                 1.0656,             0.00092277,             0.00092277,             0.00092277
                     84,                0.69217,                0.69917,                0.98113,                0.93351,                0.87667,                 0.9319,                0.64113,                0.96626,                 0.5804,                  1.092,             0.00091358,             0.00091358,             0.00091358
                     85,                  0.691,                0.66115,                0.97233,                  0.944,                0.87158,                0.93075,                0.65117,                0.98029,                0.57966,                 1.0896,             0.00090439,             0.00090439,             0.00090439
                     86,                0.70426,                0.67511,                0.99382,                0.91456,                0.86385,                 0.9166,                0.64169,                0.97309,                0.62718,                  1.089,              0.0008952,              0.0008952,              0.0008952
                     87,                0.68995,                0.67575,                0.98935,                0.93576,                0.84589,                0.92722,                0.65311,                0.96923,                0.60281,                 1.0813,             0.00088602,             0.00088602,             0.00088602
                     88,                0.69864,                0.65285,                0.98038,                0.94112,                0.83789,                 0.9145,                0.65026,                0.97053,                0.61883,                 1.0865,             0.00087683,             0.00087683,             0.00087683
                     89,                 0.7038,                0.66313,                0.97733,                0.92669,                 0.8537,                0.92519,                0.64051,                0.98371,                0.62593,                 1.0875,             0.00086764,             0.00086764,             0.00086764
                     90,                0.67151,                0.66088,                 0.9739,                 0.9311,                0.86172,                0.93768,                0.65379,                 0.9622,                0.59979,                 1.0868,             0.00085845,             0.00085845,             0.00085845
                     91,                0.65975,                0.68222,                0.96447,                0.91391,                 0.8744,                0.92901,                0.64823,                0.96895,                0.58971,                 1.0893,             0.00084926,             0.00084926,             0.00084926
                     92,                 0.6633,                0.64156,                0.96976,                0.93709,                0.85463,                0.92829,                0.65148,                0.95671,                0.58285,                 1.0728,             0.00084008,             0.00084008,             0.00084008
                     93,                0.67117,                 0.6335,                 0.9709,                0.92965,                0.88286,                0.93472,                0.65378,                0.96718,                0.57816,                 1.0801,             0.00083089,             0.00083089,             0.00083089
                     94,                0.64475,                0.62686,                0.96609,                0.93825,                0.85116,                0.92496,                0.65693,                0.95344,                 0.5911,                  1.069,              0.0008217,              0.0008217,              0.0008217
                     95,                0.67584,                0.64284,                0.97541,                0.94014,                0.85448,                0.92534,                0.65313,                0.96442,                0.60296,                 1.0793,             0.00081251,             0.00081251,             0.00081251
                     96,                0.70531,                0.65368,                0.99192,                0.93335,                 0.8643,                0.92823,                0.66908,                0.95313,                0.58524,                 1.0647,             0.00080332,             0.00080332,             0.00080332
                     97,                0.67922,                0.63422,                0.96577,                0.92235,                0.87919,                0.93099,                0.66155,                0.95156,                0.56704,                  1.066,             0.00079414,             0.00079414,             0.00079414
                     98,                0.65506,                0.63055,                0.96908,                0.93266,                0.85616,                0.93353,                0.65787,                 0.9444,                0.57515,                  1.064,             0.00078495,             0.00078495,             0.00078495
                     99,                0.66517,                0.63328,                0.97365,                0.93606,                0.86583,                0.93613,                0.65268,                0.95257,                0.57113,                 1.0706,             0.00077576,             0.00077576,             0.00077576
                    100,                0.65557,                0.62183,                0.95848,                0.90733,                0.88658,                 0.9336,                0.65111,                0.96155,                0.57449,                 1.0719,             0.00076657,             0.00076657,             0.00076657
                    101,                0.66442,                0.62062,                0.96746,                0.95003,                0.83692,                0.92441,                0.65702,                0.96243,                0.58594,                 1.0816,             0.00075738,             0.00075738,             0.00075738
                    102,                0.66762,                0.65912,                0.97974,                0.91005,                0.86972,                0.92761,                0.64858,                 0.9558,                0.58277,                 1.0776,              0.0007482,              0.0007482,              0.0007482
                    103,                0.65759,                0.60151,                0.97231,                0.93476,                0.87149,                 0.9343,                0.66679,                0.95896,                0.56709,                 1.0705,             0.00073901,             0.00073901,             0.00073901
                    104,                0.66322,                0.63969,                0.96412,                0.92839,                0.87245,                0.92702,                0.63928,                0.94828,                 0.5647,                 1.0791,             0.00072982,             0.00072982,             0.00072982
                    105,                0.64857,                0.62707,                0.95512,                 0.9085,                0.85635,                0.92714,                0.65239,                0.95601,                0.57504,                 1.0703,             0.00072063,             0.00072063,             0.00072063
                    106,                0.64057,                0.61835,                0.96391,                0.92371,                0.87542,                0.93079,                0.66123,                0.93826,                0.55156,                  1.063,             0.00071144,             0.00071144,             0.00071144
                    107,                0.66607,                0.64079,                0.98264,                0.91987,                0.87408,                0.92856,                0.65765,                0.95052,                0.57775,                 1.0818,             0.00070226,             0.00070226,             0.00070226
                    108,                0.63258,                 0.6105,                0.96196,                 0.9438,                0.86587,                   0.93,                 0.6593,                0.94721,                0.58116,                 1.0673,             0.00069307,             0.00069307,             0.00069307
                    109,                0.62155,                0.58812,                0.95668,                 0.9105,                0.88601,                0.93018,                0.67021,                0.94073,                0.56257,                 1.0591,             0.00068388,             0.00068388,             0.00068388
                    110,                0.64053,                0.59433,                0.94955,                0.92179,                0.86156,                0.92922,                0.66703,                0.93656,                0.58423,                  1.061,             0.00067469,             0.00067469,             0.00067469
                    111,                0.64119,                0.62074,                  0.951,                0.93528,                0.86923,                0.93919,                0.65499,                0.95785,                0.55057,                  1.074,              0.0006655,              0.0006655,              0.0006655
                    112,                0.64274,                0.62747,                0.96109,                0.92002,                0.87603,                0.92677,                0.67448,                0.94293,                0.56817,                 1.0633,             0.00065632,             0.00065632,             0.00065632
                    113,                0.64366,                0.63227,                0.94997,                 0.9153,                0.89212,                0.93156,                0.65696,                0.95635,                0.55382,                 1.0731,             0.00064713,             0.00064713,             0.00064713
                    114,                0.63786,                0.60886,                 0.9568,                0.93809,                0.88121,                0.93471,                0.67436,                0.94164,                0.55465,                 1.0569,             0.00063794,             0.00063794,             0.00063794
                    115,                0.62869,                0.57231,                0.94159,                0.94261,                  0.856,                0.92318,                0.66226,                0.95518,                0.58674,                  1.067,             0.00062875,             0.00062875,             0.00062875
                    116,                0.62509,                0.57482,                 0.9453,                0.92885,                0.87909,                0.93506,                0.67681,                0.93895,                0.54028,                 1.0607,             0.00061956,             0.00061956,             0.00061956
                    117,                0.61448,                0.58099,                0.93792,                0.91787,                 0.8794,                0.92951,                0.66728,                0.95056,                0.56921,                 1.0623,             0.00061038,             0.00061038,             0.00061038
                    118,                0.62523,                0.56205,                0.94345,                0.92335,                0.87049,                0.92653,                0.67626,                0.94426,                0.57258,                 1.0661,             0.00060119,             0.00060119,             0.00060119
                    119,                0.62147,                0.58214,                0.94877,                0.93825,                0.87107,                0.93532,                0.67182,                0.95515,                0.53769,                 1.0806,               0.000592,               0.000592,               0.000592
                    120,                0.62017,                0.56445,                0.94299,                0.92786,                0.87207,                 0.9287,                0.67848,                0.94546,                0.56926,                 1.0718,             0.00058281,             0.00058281,             0.00058281
                    121,                0.60104,                0.54697,                0.93958,                 0.9186,                0.87916,                0.92895,                0.68055,                0.92958,                0.55528,                 1.0603,             0.00057362,             0.00057362,             0.00057362
                    122,                0.61562,                0.54618,                0.93739,                0.92754,                0.87165,                0.92761,                0.66891,                0.94102,                0.58941,                 1.0697,             0.00056444,             0.00056444,             0.00056444
                    123,                0.60594,                 0.5669,                0.93349,                0.93395,                0.86632,                0.92763,                0.67479,                0.94577,                0.56884,                 1.0624,             0.00055525,             0.00055525,             0.00055525
                    124,                0.62244,                0.59241,                0.95279,                0.92395,                0.89234,                0.93799,                0.67956,                0.93212,                0.55326,                 1.0629,             0.00054606,             0.00054606,             0.00054606
                    125,                0.61869,                0.53682,                0.93245,                0.92984,                0.86971,                0.93243,                0.67927,                0.94198,                 0.5808,                 1.0693,             0.00053687,             0.00053687,             0.00053687
                    126,                0.60525,                0.54314,                0.93397,                 0.9212,                0.88525,                0.93146,                0.68506,                0.92846,                0.55252,                 1.0629,             0.00052768,             0.00052768,             0.00052768
                    127,                0.60758,                0.53246,                0.93845,                0.92283,                0.87944,                0.93012,                0.66738,                0.93196,                0.57482,                 1.0611,             0.00051849,             0.00051849,             0.00051849
                    128,                0.60205,                0.55151,                0.93526,                0.91914,                0.87091,                0.92487,                0.66848,                0.94588,                0.56204,                 1.0696,             0.00050931,             0.00050931,             0.00050931
                    129,                0.59713,                0.53407,                0.93361,                0.92639,                0.87864,                 0.9306,                0.66896,                0.94784,                0.53412,                 1.0744,             0.00050012,             0.00050012,             0.00050012
                    130,                0.59105,                0.55844,                0.92675,                0.93733,                0.87627,                0.92873,                0.67356,                0.93566,                 0.5414,                  1.065,             0.00049093,             0.00049093,             0.00049093
                    131,                0.57038,                0.50311,                0.92145,                0.92375,                0.87167,                0.92223,                0.67589,                0.93595,                0.57129,                 1.0627,             0.00048174,             0.00048174,             0.00048174
                    132,                0.59494,                0.52834,                0.92234,                0.94226,                0.86356,                0.92526,                0.68245,                0.93068,                0.55471,                 1.0751,             0.00047255,             0.00047255,             0.00047255
                    133,                0.57569,                0.53451,                0.92807,                0.92303,                0.86524,                0.92814,                0.67806,                 0.9429,                0.59748,                 1.0719,             0.00046337,             0.00046337,             0.00046337
                    134,                0.60213,                0.54285,                0.93262,                0.93278,                0.87124,                0.92706,                0.67336,                0.94061,                0.53812,                 1.0698,             0.00045418,             0.00045418,             0.00045418
                    135,                0.59098,                0.52515,                0.92553,                0.92675,                0.86957,                0.92761,                0.66562,                0.94116,                0.56599,                 1.0771,             0.00044499,             0.00044499,             0.00044499
                    136,                0.59074,                0.51079,                0.92789,                0.93992,                0.87198,                0.92182,                0.66572,                0.93209,                0.55558,                 1.0757,              0.0004358,              0.0004358,              0.0004358
                    137,                0.61166,                0.53286,                0.93814,                0.92878,                0.86619,                0.92414,                0.66755,                 0.9383,                0.56562,                 1.0772,             0.00042661,             0.00042661,             0.00042661
                    138,                0.57184,                0.52254,                 0.9185,                0.94033,                 0.8565,                0.92788,                0.67001,                0.94016,                0.55696,                  1.073,             0.00041743,             0.00041743,             0.00041743
                    139,                0.58321,                0.53485,                0.93323,                0.91738,                0.87673,                0.92492,                 0.6746,                0.93082,                0.56164,                 1.0745,             0.00040824,             0.00040824,             0.00040824
                    140,                0.58044,                0.52926,                 0.9331,                0.93456,                0.87412,                0.92017,                0.65289,                0.93857,                0.56091,                 1.0744,             0.00039905,             0.00039905,             0.00039905
                    141,                0.56774,                0.49483,                0.91612,                0.92693,                0.87606,                0.92848,                0.68029,                0.92947,                0.55752,                   1.07,             0.00038986,             0.00038986,             0.00038986
                    142,                0.57145,                0.50617,                0.91673,                0.93219,                0.87501,                 0.9265,                 0.6859,                0.93846,                0.55294,                 1.0788,             0.00038067,             0.00038067,             0.00038067
                    143,                0.56582,                0.49698,                0.91462,                0.94423,                0.86732,                0.92929,                0.68102,                0.93616,                0.54253,                 1.0707,             0.00037149,             0.00037149,             0.00037149
                    144,                0.55997,                0.48954,                0.91721,                0.92381,                 0.8773,                 0.9236,                 0.6777,                0.93506,                0.55908,                 1.0711,              0.0003623,              0.0003623,              0.0003623
                    145,                0.56722,                0.49343,                 0.9212,                0.93955,                0.86521,                 0.9296,                0.68069,                0.92393,                0.54248,                 1.0701,             0.00035311,             0.00035311,             0.00035311
                    146,                0.54594,                 0.4816,                0.90659,                0.94214,                0.87208,                0.93177,                0.67688,                0.92536,                0.53442,                 1.0723,             0.00034392,             0.00034392,             0.00034392
                    147,                 0.5629,                0.48136,                0.91743,                0.94795,                0.85263,                0.92131,                0.67932,                 0.9297,                0.55929,                 1.0731,             0.00033473,             0.00033473,             0.00033473
                    148,                0.56794,                0.50202,                0.92268,                0.93725,                0.86025,                 0.9273,                0.67425,                0.93134,                0.55411,                 1.0723,             0.00032555,             0.00032555,             0.00032555
                    149,                 0.5632,                0.49072,                0.92231,                0.94384,                0.85579,                0.92969,                0.68799,                 0.9389,                0.55949,                 1.0711,             0.00031636,             0.00031636,             0.00031636
                    150,                0.56078,                0.48604,                0.91919,                0.93752,                0.87324,                0.92411,                0.67676,                0.93372,                0.56136,                 1.0686,             0.00030717,             0.00030717,             0.00030717
                    151,                0.57954,                0.51747,                0.92732,                 0.9364,                0.87521,                 0.9262,                0.67509,                0.93523,                 0.5596,                 1.0728,             0.00029798,             0.00029798,             0.00029798
                    152,                0.57692,                0.51804,                0.91763,                0.94883,                0.86291,                  0.926,                0.67958,                0.92673,                0.55839,                 1.0698,             0.00028879,             0.00028879,             0.00028879
                    153,                0.55523,                0.47322,                 0.9071,                0.93103,                0.87895,                0.93071,                 0.6863,                0.93151,                0.54756,                 1.0713,             0.00027961,             0.00027961,             0.00027961
                    154,                0.52609,                0.46744,                0.89863,                 0.9325,                0.87565,                0.92345,                0.67653,                0.93565,                0.57225,                 1.0784,             0.00027042,             0.00027042,             0.00027042
                    155,                0.54654,                0.47132,                0.90969,                0.92353,                0.88652,                0.92526,                0.67417,                0.92742,                0.54436,                 1.0791,             0.00026123,             0.00026123,             0.00026123
                    156,                0.57088,                0.47874,                0.91746,                0.92621,                0.88295,                0.92741,                0.68433,                0.92108,                0.54592,                 1.0644,             0.00025204,             0.00025204,             0.00025204
                    157,                0.55213,                0.44805,                0.90556,                0.94077,                0.86881,                0.93141,                0.69037,                  0.924,                0.54803,                 1.0701,             0.00024285,             0.00024285,             0.00024285
                    158,                0.54748,                0.47099,                0.91173,                0.92386,                0.88079,                 0.9254,                0.67059,                0.94049,                0.56686,                 1.0827,             0.00023367,             0.00023367,             0.00023367
                    159,                0.54673,                0.46151,                0.90618,                0.92622,                0.88274,                0.92568,                0.68278,                0.93376,                0.55964,                  1.079,             0.00022448,             0.00022448,             0.00022448
                    160,                0.55211,                 0.4715,                0.90958,                0.93834,                0.87928,                 0.9254,                0.68475,                0.93061,                 0.5545,                 1.0766,             0.00021529,             0.00021529,             0.00021529
                    161,                0.54628,                0.46297,                0.90389,                0.94659,                0.87409,                0.92893,                0.68653,                0.93315,                  0.543,                 1.0722,              0.0002061,              0.0002061,              0.0002061
                    162,                0.54345,                0.46149,                0.90672,                0.93518,                0.87926,                0.92881,                0.68589,                0.93107,                0.55259,                 1.0706,             0.00019691,             0.00019691,             0.00019691
                    163,                0.54155,                0.46086,                0.90837,                0.94006,                0.87661,                0.92958,                0.68392,                0.93576,                0.55155,                  1.074,             0.00018773,             0.00018773,             0.00018773
                    164,                0.53302,                0.43898,                 0.8967,                0.93584,                0.88119,                0.92877,                0.68606,                0.93682,                0.55279,                 1.0737,             0.00017854,             0.00017854,             0.00017854
                    165,                0.53061,                0.44409,                0.89889,                 0.9343,                 0.8832,                0.92971,                0.68734,                0.93144,                0.55214,                 1.0685,             0.00016935,             0.00016935,             0.00016935
                    166,                0.53214,                0.45768,                0.89564,                0.94736,                0.87103,                0.92587,                0.68356,                0.93566,                0.56179,                 1.0733,             0.00016016,             0.00016016,             0.00016016
                    167,                0.53318,                0.44474,                0.89453,                0.94692,                0.86885,                0.92544,                0.68064,                0.93706,                0.55553,                  1.075,             0.00015097,             0.00015097,             0.00015097
                    168,                0.53574,                0.44836,                0.89641,                0.93882,                0.86967,                0.92334,                0.68212,                0.93084,                0.54915,                 1.0704,             0.00014179,             0.00014179,             0.00014179
                    169,                0.52617,                0.44251,                 0.8995,                0.93139,                0.87374,                0.92144,                0.68385,                  0.927,                0.55354,                 1.0734,              0.0001326,              0.0001326,              0.0001326
                    170,                0.52908,                0.44172,                0.88728,                0.93275,                0.87791,                 0.9228,                0.68499,                0.92684,                 0.5534,                 1.0723,             0.00012341,             0.00012341,             0.00012341
                    171,                0.45177,                0.33778,                0.85016,                0.92907,                0.87328,                0.91862,                0.67137,                0.93314,                0.55979,                 1.0907,             0.00011422,             0.00011422,             0.00011422
                    172,                0.46944,                0.34349,                0.86293,                0.93443,                0.87155,                0.92049,                0.67395,                0.93036,                0.55769,                 1.0831,             0.00010503,             0.00010503,             0.00010503
                    173,                0.46234,                0.35519,                0.85631,                0.94277,                0.86478,                0.92384,                0.68147,                0.93085,                0.55729,                 1.0827,             9.5845e-05,             9.5845e-05,             9.5845e-05
                    174,                0.44441,                0.31417,                0.84612,                0.94218,                0.86704,                 0.9262,                0.68188,                 0.9315,                0.55546,                 1.0782,             8.6657e-05,             8.6657e-05,             8.6657e-05
                    175,                0.44052,                0.31916,                 0.8478,                0.93926,                0.87183,                0.92739,                0.68579,                 0.9335,                0.55533,                 1.0808,             7.7469e-05,             7.7469e-05,             7.7469e-05
                    176,                0.43066,                 0.2986,                0.84126,                0.92737,                0.88913,                0.92771,                0.68879,                 0.9326,                0.54195,                 1.0809,             6.8281e-05,             6.8281e-05,             6.8281e-05
                    177,                0.44394,                0.31168,                 0.8364,                0.94405,                0.87408,                0.92925,                0.69232,                0.93077,                0.54077,                 1.0767,             5.9093e-05,             5.9093e-05,             5.9093e-05
                    178,                0.43013,                0.30548,                0.84342,                0.94017,                0.87546,                0.92929,                0.69446,                0.93111,                0.54448,                 1.0765,             4.9905e-05,             4.9905e-05,             4.9905e-05
                    179,                0.43331,                 0.3094,                0.84022,                0.93705,                0.87791,                0.93026,                0.69461,                0.92855,                0.53729,                 1.0754,             4.0717e-05,             4.0717e-05,             4.0717e-05
                    180,                0.44419,                0.30547,                0.85044,                0.93785,                0.87825,                 0.9305,                0.69459,                 0.9293,                0.53841,                 1.0761,             3.1529e-05,             3.1529e-05,             3.1529e-05
